2000,2001,2002,2003,2004,2005,2006,2007,2008,2009,2010,2011,2012,2013,2014,2015,2016,2017,2018,2019,2020,2021,2022,seriesCode,sdg,minVals,maxVals,instrumental,seriesName,color,I0,IF,successRates,qm,rl
0.09263779527559056,0.09224409448818897,0.0941732283464567,0.09606299212598425,0.09732283464566929,0.09901574803149607,0.09996062992125986,0.1017716535433071,0.10350393700787403,0.10531496062992128,0.10696850393700788,0.10846456692913387,0.11015748031496064,0.11188976377952757,0.11350393700787402,0.11535433070866143,0.1160236220472441,0.11618110236220473,0.11637795275590551,0.1167716535433071,0.13031496062992126,0.13708661417322837,0.1304724409448819,sdg8_unemp,8,0.0,1.0,0,"Unemployment rate (% of total labor force, ages 15+)",#A21942,0.09263779527559056,0.1304724409448819,0.9090909090909091,0.5,0.5
0.5878787878787879,0.576969696969697,0.566060606060606,0.5503030303030303,0.5345454545454545,0.5078787878787878,0.48000000000000004,0.4509090909090909,0.42060606060606065,0.3878787878787879,0.353939393939394,0.3212121212121212,0.296969696969697,0.2775757575757575,0.2618181818181817,0.24969696969696964,0.23878787878787883,0.23030303030303031,0.22303030303030294,0.21818181818181817,0.21333333333333326,0.20848484848484852,0.20484848484848475,sdg5_familypl,5,0.0,1.0,1,Demand for family planning satisfied by modern methods (% of females aged 15 to 49),#FF3A21,0.5878787878787879,0.20484848484848475,0.05,0.5,0.5
0.0003444444444444444,0.0003444444444444444,0.0003444444444444444,0.0003444444444444444,0.0003444444444444444,0.0003444444444444444,0.0003444444444444444,0.0003444444444444444,0.0003444444444444444,0.0003444444444444444,0.0003444444444444444,0.0003444444444444444,0.0003444444444444444,0.0003444444444444444,0.0003444444444444444,0.0003444444444444444,7.777777777777778e-05,7.777777777777778e-05,2.2222222222222223e-05,2.2222222222222223e-05,2.2222222222222223e-05,2.2222222222222223e-05,2.2222222222222223e-05,sdg11_slums,11,0.0,1.0,1,Proportion of urban population living in slums (%),#FD9D24,0.0003444444444444444,2.2222222222222223e-05,0.05,0.5,0.5
0.01677685950413223,0.016873278236914604,0.016955922865013778,0.017024793388429754,0.017093663911845733,0.01716253443526171,0.017231404958677685,0.017300275482093664,0.017369146005509643,0.017438016528925623,0.017520661157024796,0.029655647382920113,0.04133608815426997,0.010096418732782369,0.04566115702479339,0.008663911845730028,0.04110192837465565,0.03355371900826446,0.005881542699724518,0.005289256198347108,0.005881542699724518,0.005192837465564738,0.004765840220385675,sdg1_wpc,1,0.0,1.0,1,Poverty headcount ratio at $1.90/day (%),#E5243B,0.01677685950413223,0.004765840220385675,0.6818181818181818,0.5,0.5
0.6452815533980583,0.6474174757281553,0.6499029126213592,0.652504854368932,0.6548349514563108,0.656621359223301,0.6578058252427185,0.6585242718446602,0.6590291262135922,0.6596504854368932,0.6606213592233009,0.6417669902912622,0.62673786407767,0.6112233009708739,0.5948543689320389,0.5683300970873786,0.5521553398058252,0.5219223300970874,0.521378640776699,0.5197087378640777,0.5567766990291262,0.5585436893203883,0.5497087378640776,sdg1_320pov,1,0.0,1.0,1,Poverty headcount ratio at $3.20/day (%),#E5243B,0.6452815533980583,0.5497087378640776,0.5454545454545454,0.5,0.5
0.09683215130023641,0.09697399527186763,0.09933806146572105,0.09451536643026005,0.09472813238770686,0.09288416075650119,0.08898345153664303,0.08437352245862885,0.07858156028368796,0.07366430260047283,0.0706146572104019,0.06929078014184398,0.06846335697399528,0.0755791962174941,0.083096926713948,0.08843971631205674,0.08732860520094562,0.08340425531914894,0.08014184397163121,0.08148936170212767,0.08148936170212767,0.08148936170212767,0.08148936170212767,sdg2_undernsh,2,0.0,1.0,1,Prevalence of undernourishment (%),#DDA63A,0.09683215130023641,0.08148936170212767,0.3181818181818182,0.5,0.5
0.29316733067729084,0.2934661354581673,0.2936454183266932,0.29368525896414344,0.29356573705179284,0.2589840637450199,0.2587051792828685,0.2583266932270916,0.2579083665338645,0.25752988047808767,0.23350597609561752,0.23334661354581673,0.23328685258964144,0.23330677290836652,0.23334661354581673,0.220199203187251,0.2202589641434263,0.21858565737051794,0.2186852589641434,0.2139641434262948,0.21406374501992032,0.2141434262948207,0.2142231075697211,sdg2_stunting,2,0.0,1.0,1,Prevalence of stunting in children under 5 years of age (%),#DDA63A,0.29316733067729084,0.2142231075697211,0.45454545454545453,0.5,0.5
0.3674846625766871,0.36846625766871166,0.3695705521472393,0.3707361963190184,0.37190184049079755,0.3652147239263804,0.36650306748466255,0.3678527607361963,0.36914110429447855,0.3704907975460122,0.36380368098159505,0.36503067484662577,0.36619631901840494,0.36736196319018405,0.3685276073619632,0.3600613496932515,0.3613496932515337,0.3595705521472392,0.36079754601226993,0.3595092024539877,0.3607361963190184,0.36190184049079754,0.36306748466257666,sdg2_wasting,2,0.0,1.0,1,Prevalence of wasting in children under 5 years of age (%),#DDA63A,0.3674846625766871,0.36306748466257666,0.7727272727272727,0.5,0.5
0.32891640866873056,0.34216718266253865,0.35569659442724455,0.37009287925696593,0.38448916408668726,0.39851393188854484,0.4135294117647058,0.4278328173374612,0.4436532507739937,0.45780185758513925,0.4735913312693498,0.49074303405572745,0.5058823529411764,0.5229721362229102,0.539721362229102,0.5573374613003095,0.574829721362229,0.5745510835913312,0.5743034055727554,0.5741176470588235,0.5739009287925696,0.5736532507739938,0.5734055727554179,sdg2_obesity,2,0.0,1.0,1,"Prevalence of obesity, BMI ≥ 30 (% of adult population)",#DDA63A,0.32891640866873056,0.5734055727554179,0.7272727272727273,0.5,0.5
0.4116279069767441,0.39534883720930203,0.40697674418604596,0.3744186046511627,0.38837209302325526,0.39534883720930203,0.40697674418604596,0.4162790697674413,0.4511627906976741,0.43488372093023203,0.4162790697674413,0.4139534883720927,0.40930232558139557,0.40930232558139557,0.3511627906976738,0.3534883720930234,0.355813953488372,0.3581395348837206,0.355813953488372,0.355813953488372,0.355813953488372,0.355813953488372,0.3534883720930234,sdg2_trophic,2,0.0,1.0,1,Human Trophic Level (best 2-3 worst),#DDA63A,0.4116279069767441,0.3534883720930234,0.4090909090909091,0.5,0.5
0.6210294117647058,0.6150000000000001,0.6032352941176471,0.6248529411764707,0.6380882352941177,0.6436764705882353,0.6213235294117647,0.6054411764705883,0.6199999999999999,0.6486764705882353,0.6311764705882353,0.595,0.6276470588235294,0.6054411764705883,0.6383823529411764,0.6379411764705882,0.6323529411764706,0.6208823529411764,0.6173529411764707,0.6173529411764707,0.6173529411764707,0.6173529411764707,0.6173529411764707,sdg2_crlyld,2,0.0,1.0,1,Cereal yield (tonnes per hectare of harvested land),#DDA63A,0.6210294117647058,0.6173529411764707,0.3181818181818182,0.5,0.5
0.8850000000000001,0.8816666666666667,0.8775,0.8741666666666666,0.8691666666666666,0.8658333333333333,0.8624999999999999,0.8591666666666666,0.8558333333333333,0.8533333333333334,0.8524999999999999,0.8516666666666667,0.8500000000000001,0.8483333333333334,0.8466666666666667,0.8466666666666667,0.8466666666666667,0.8466666666666667,0.8458333333333333,0.8458333333333333,0.8450000000000001,0.8450000000000001,0.8441666666666666,sdg2_snmi,2,0.0,1.0,1,Sustainable Nitrogen Management Index (best 0-1.41 worst),#DDA63A,0.8850000000000001,0.8441666666666666,0.05,0.5,0.5
0.01480631683598087,0.014441154634337821,0.013507278530855928,0.013239575585347177,0.012718973646862784,0.012498149688291514,0.011677769769893997,0.011830742377397192,0.011243523240765906,0.011231186417570944,0.011377991789980873,0.01132247726210776,0.010333086630752756,0.010094991590310225,0.010098692872569558,0.010513200013984023,0.010103627131245855,0.00976067144665458,0.009761904423071547,0.009761904423071547,0.00976067144665458,0.009759437293733396,0.009756970164395246,sdg3_matmort,3,0.0,1.0,1,"Maternal mortality rate (per 100,000 live births) ",#4C9F38,0.01480631683598087,0.009756970164395246,0.22727272727272727,0.5,0.5
0.45779792746113984,0.4510880829015544,0.44531088082901554,0.44152849740932637,0.43849740932642484,0.4358031088082901,0.43259067357512954,0.42919689119170984,0.4252590673575129,0.4201036269430051,0.4244041450777201,0.4110103626943005,0.4066580310880829,0.40196891191709844,0.39779792746113996,0.39246113989637305,0.38764248704663207,0.3824352331606218,0.3766580310880829,0.3700777202072539,0.3637046632124352,0.3648445595854922,0.3660621761658031,sdg3_neonat,3,0.0,1.0,1,"Neonatal mortality rate (per 1,000 live births)",#4C9F38,0.45779792746113984,0.3660621761658031,0.13636363636363635,0.5,0.5
0.34287843137254903,0.3336392156862745,0.3252549019607843,0.3174196078431372,0.3102509803921568,0.30309803921568623,0.29618823529411764,0.28928627450980393,0.28272156862745096,0.2762117647058823,0.4331843137254902,0.2640078431372549,0.25882352941176473,0.2533725490196078,0.2481490196078431,0.24276078431372547,0.23743529411764702,0.2320156862745098,0.22671372549019606,0.22146666666666665,0.2153725490196078,0.21617254901960783,0.21701960784313723,sdg3_u5mort,3,0.0,1.0,1,"Mortality rate, under-5 (per 1,000 live births)",#4C9F38,0.34287843137254903,0.21701960784313723,0.13636363636363635,0.5,0.5
0.08031729055258467,0.07961497326203208,0.07141711229946524,0.0719144385026738,0.07814438502673797,0.07445454545454545,0.06998395721925134,0.07370766488413548,0.06259714795008912,0.06045989304812834,0.05313725490196078,0.051092691622103385,0.04836007130124777,0.04983065953654189,0.04453297682709448,0.04156684491978609,0.037217468805704104,0.03595008912655971,0.032303030303030306,0.029509803921568628,0.028053475935828878,0.028046345811051695,0.028046345811051695,sdg3_tb,3,0.0,1.0,1,"Incidence of tuberculosis (per 100,000 population)",#4C9F38,0.08031729055258467,0.028046345811051695,0.18181818181818182,0.5,0.5
0.05545454545454545,0.055818181818181815,0.056363636363636366,0.056545454545454545,0.058,0.05818181818181818,0.058545454545454546,0.05981818181818182,0.060000000000000005,0.060181818181818184,0.06054545454545455,0.06036363636363637,0.060000000000000005,0.05981818181818182,0.059454545454545454,0.05909090909090909,0.05890909090909091,0.05890909090909091,0.05872727272727273,0.05836363636363637,0.05836363636363637,0.05836363636363637,0.05836363636363637,sdg3_hiv,3,0.0,1.0,1,"New HIV infections (per 1,000 uninfected population)",#4C9F38,0.05545454545454545,0.05836363636363637,0.45454545454545453,0.5,0.5
0.7771428571428572,0.7193087557603686,0.7294009216589862,0.723778801843318,0.7027188940092166,0.7249769585253456,0.712073732718894,0.7025345622119816,0.6640092165898617,0.652442396313364,0.6342396313364055,0.5980184331797236,0.5402764976958525,0.5199078341013825,0.5155299539170506,0.5164055299539171,0.4946082949308756,0.5093087557603687,0.48741935483870963,0.4806451612903226,0.4805990783410138,0.4805069124423963,0.48041474654377886,sdg3_ncds,3,0.0,1.0,1,"Age-standardized death rate due to cardiovascular disease, cancer, diabetes, or chronic respiratory disease in adults aged 30–70 years (%)",#4C9F38,0.7771428571428572,0.48041474654377886,0.18181818181818182,0.5,0.5
0.31691803278688524,0.35832786885245893,0.2928852459016393,0.26301639344262284,0.28481967213114756,0.296983606557377,0.3163606557377049,0.3461967213114754,0.32468852459016384,0.3039672131147541,0.2725901639344262,0.26675409836065567,0.24708196721311473,0.25406557377049177,0.2225245901639344,0.2145245901639344,0.2266229508196721,0.22718032786885242,0.19193442622950818,0.19085245901639344,0.19075409836065574,0.1907213114754098,0.19068852459016392,sdg3_traffic,3,0.0,1.0,1,"Traffic deaths (per 100,000 population)",#4C9F38,0.31691803278688524,0.19068852459016392,0.36363636363636365,0.5,0.5
0.4797586206896551,0.4809655172413791,0.48227586206896567,0.4836896551724138,0.48499999999999993,0.4861379310344827,0.4870689655172414,0.4878620689655171,0.48855172413793074,0.4893103448275861,0.5979310344827587,0.5989999999999999,0.6002758620689655,0.6017241379310346,0.603206896551724,0.4094482758620688,0.41041379310344833,0.41137931034482733,0.4123793103448277,0.3906206896551725,0.3916551724137932,0.39272413793103433,0.3938620689655171,sdg3_lifee,3,0.0,1.0,1,Life expectancy at birth (years),#4C9F38,0.4797586206896551,0.3938620689655171,0.9090909090909091,0.5,0.5
0.4813347921225383,0.47714806710430346,0.4690663749088257,0.4634865061998541,0.4331363967906638,0.4120277169948942,0.4074033552151714,0.4203574033552152,0.4292924872355945,0.4350619985412108,0.4320495988329687,0.4265791393143691,0.41056892778993437,0.4083442742523706,0.4052224653537564,0.3891903719912473,0.3830707512764406,0.33456601021152443,0.3366593727206419,0.3390153172866521,0.3391611962071481,0.33944566010211524,0.33979576951130563,sdg3_fertility,3,0.0,1.0,1,"Adolescent fertility rate (births per 1,000 females aged 15 to 19)",#4C9F38,0.4813347921225383,0.33979576951130563,0.36363636363636365,0.5,0.5
0.021300390117035176,0.018816644993498083,0.013094928478543627,0.014343302990897196,0.012236671001300421,0.0043172951885564834,0.08314694408322504,0.004369310793237952,0.0047594278283485,0.0035240572171651597,0.004005201560468231,0.024421326397919375,0.008491547464239347,0.0029648894668399795,0.012613784135240556,0.012639791937581198,0.012652795838751611,0.012665799739922025,0.011703511053316068,0.011703511053316068,0.011703511053316068,0.011690507152145655,0.011690507152145655,sdg3_births,3,0.0,1.0,1,Births attended by skilled health personnel (%),#4C9F38,0.021300390117035176,0.011690507152145655,0.4090909090909091,0.5,0.5
0.4124406717591367,0.42177969722424524,0.36574580305713716,0.4505762649794756,0.3768644171246028,0.35022037312135856,0.3422711905786547,0.336864406779661,0.33311863268836067,0.30886439953820183,0.31515257237321237,0.30627118126820707,0.29033893649860965,0.2907965708587129,0.30155931893041577,0.31923727261818063,0.3237457275390625,0.36066100556971664,0.3285762980832892,0.37457624532408634,0.40505089194087657,0.40672884149066474,0.4084914902509269,sdg3_vac,3,0.0,1.0,1,Surviving infants who received 2 WHO-recommended vaccines (%),#4C9F38,0.4124406717591367,0.4084914902509269,0.5454545454545454,0.5,0.5
0.8370226640917338,0.8370226640917338,0.8370226640917338,0.8370064917505752,0.8369740853417653,0.6050809224446615,0.6051617841504539,0.6051941905592638,0.6051617841504539,0.60509709478582,0.5843527340194554,0.5841747765402192,0.5839644126521731,0.58372170408181,0.5834951678526056,0.5500809505919423,0.549967620750847,0.5302426730159031,0.5302426730159031,0.5191747424671951,0.519207087149512,0.519239431831829,0.5192880723082903,sdg3_uhc,3,0.0,1.0,1,Universal health coverage (UHC) index of service coverage (worst 0-100 best),#4C9F38,0.8370226640917338,0.5192880723082903,0.22727272727272727,0.5,0.5
0.6586046511627907,0.6588372093023255,0.6588372093023255,0.6588372093023255,0.6588372093023255,0.6588372093023255,0.6588372093023255,0.6586046511627907,0.6586046511627907,0.6713953488372092,0.681627906976744,0.5948837209302326,0.5813953488372091,0.5974418604651163,0.5837209302325581,0.579767441860465,0.5116279069767441,0.5934883720930232,0.4502325581395349,0.41930232558139535,0.44372093023255804,0.4048837209302325,0.40511627906976727,sdg3_swb,3,0.0,1.0,1,"Subjective well-being (average ladder score, worst 0-10 best)",#4C9F38,0.6586046511627907,0.40511627906976727,0.3181818181818182,0.5,0.5
0.448476923076923,0.4386923076923077,0.4446923076923077,0.4286615384615384,0.4351384615384614,0.4278461538461539,0.4075846153846153,0.39115384615384613,0.48653846153846153,0.5033230769230769,0.5035076923076922,0.4191076923076924,0.37912307692307695,0.36323076923076925,0.3571538461538462,0.389276923076923,0.39243076923076914,0.3555384615384615,0.37089230769230774,0.39307692307692305,0.3679076923076923,0.36784615384615377,0.36800000000000005,sdg4_earlyedu,4,0.0,1.0,1,Participation rate in pre-primary organized learning (% of children aged 4 to 6),#C5192D,0.448476923076923,0.36800000000000005,0.45454545454545453,0.5,0.5
0.03110389610389605,0.04218614718614714,0.0446536796536797,0.05829004329004324,0.06041125541125534,0.06119047619047615,0.06517316017316008,0.07980519480519475,0.09766233766233767,0.1280735930735931,0.13738095238095224,0.09623376623376619,0.11067099567099566,0.09792207792207794,0.05497835497835511,0.04051948051948052,0.04277056277056275,0.028787878787878748,0.03413419913419909,0.03571428571428584,0.05716450216450228,0.057142857142857155,0.05709956709956721,sdg4_primary,4,0.0,1.0,1,Net primary enrollment rate (%),#C5192D,0.03110389610389605,0.05709956709956721,0.6818181818181818,0.5,0.5
0.2589268292682927,0.24719512195121945,0.24424390243902427,0.24965853658536577,0.2556219512195122,0.25418292682926835,0.2537317073170731,0.24684146341463414,0.24982926829268298,0.248060975609756,0.2458658536585366,0.22692682926829275,0.1918048780487804,0.1767560975609756,0.1370121951219512,0.07739024390243907,0.10820731707317079,0.11878048780487799,0.05465853658536585,0.06968292682926827,0.08092682926829263,0.08098780487804885,0.0810365853658536,sdg4_second,4,0.0,1.0,1,Lower secondary completion rate (%),#C5192D,0.2589268292682927,0.0810365853658536,0.4090909090909091,0.5,0.5
0.01109489051094898,0.01109489051094898,0.01109489051094898,0.01109489051094898,0.01109489051094898,0.01109489051094898,0.01109489051094898,0.01109489051094898,0.012901459854014483,0.012883211678832173,0.012901459854014483,0.01479927007299283,0.013521897810218973,0.012828467153284727,0.01315693430656941,0.013175182481751719,0.00947080291970813,0.00947080291970813,0.00927007299270065,0.006751824817518332,0.005693430656934263,0.0057116788321168325,0.0057116788321168325,sdg4_literacy,4,0.0,1.0,1,Literacy rate (% of population aged 15 to 24),#C5192D,0.01109489051094898,0.0057116788321168325,0.2727272727272727,0.5,0.5
0.38501718213058417,0.3862886597938144,0.38733676975945003,0.3882474226804124,0.38910652920962197,0.3955841924398625,0.3964776632302406,0.39737113402061847,0.39823024054982803,0.39900343642611674,0.3876460481099655,0.2149828178694158,0.20250859106529212,0.206168384879725,0.20073883161512013,0.17661512027491402,0.17273195876288655,0.17166666666666666,0.16929553264604802,0.16439862542955322,0.16431271477663234,0.16427835051546402,0.16427835051546402,sdg5_edat,5,0.0,1.0,1,Ratio of female-to-male mean years of education received (%),#FF3A21,0.38501718213058417,0.16427835051546402,0.45454545454545453,0.5,0.5
0.40063694267515926,0.4031210191082802,0.4049171974522293,0.40322292993630565,0.4028535031847133,0.4137707006369426,0.41761783439490446,0.4103694267515923,0.4047006369426752,0.40975796178343943,0.40996178343949047,0.4101910828025478,0.41662420382165605,0.40466242038216566,0.3972356687898088,0.38845859872611466,0.3814267515923566,0.3733248407643312,0.3751974522292994,0.3477197452229298,0.3604713375796178,0.36044585987261146,0.3604713375796178,sdg5_lfpr,5,0.0,1.0,1,Ratio of female-to-male labor force participation rate (%),#FF3A21,0.40063694267515926,0.3604713375796178,0.5,0.5,0.5
0.8352868852459017,0.833688524590164,0.8098155737704918,0.769016393442623,0.7645696721311476,0.7619672131147541,0.7508401639344262,0.6725409836065575,0.6545081967213116,0.591844262295082,0.601516393442623,0.5828688524590164,0.46247950819672135,0.45204918032786884,0.4374795081967213,0.43475409836065576,0.4229303278688525,0.3920286885245902,0.3898155737704918,0.3454508196721311,0.32,0.32002049180327863,0.3200819672131147,sdg5_parl,5,0.0,1.0,1,Seats held by women in national parliament (%),#FF3A21,0.8352868852459017,0.3200819672131147,0.13636363636363635,0.5,0.5
0.35963333333333336,0.3563833333333333,0.3533999999999999,0.3498166666666667,0.3472166666666666,0.34309999999999996,0.33886666666666654,0.33451666666666663,0.3301666666666667,0.32580000000000003,0.3215999999999999,0.3176333333333332,0.3138500000000001,0.3099833333333334,0.3059,0.3016666666666666,0.2973999999999999,0.29373333333333324,0.2903499999999999,0.28713333333333324,0.2842333333333334,0.28581666666666666,0.28746666666666676,sdg6_water,6,0.0,1.0,1,Population using at least basic drinking water services (%),#26BDE2,0.35963333333333336,0.28746666666666676,0.09090909090909091,0.5,0.5
0.07202657807308976,0.07116279069767444,0.07021040974529351,0.06925802879291257,0.06831672203765224,0.06548172757475079,0.06265780730897011,0.05964562569213727,0.05664451827242519,0.05366555924695464,0.05068660022148393,0.04771871539313397,0.04476190476190478,0.04180509413067559,0.038859357696567,0.03590254706533781,0.03294573643410847,0.03001107419712064,0.027696566998892634,0.026467331118493916,0.025404208194905836,0.02539313399778523,0.02538205980066447,sdg6_sanita,6,0.0,1.0,1,Population using at least basic sanitation services (%),#26BDE2,0.07202657807308976,0.02538205980066447,0.05,0.5,0.5
0.3458305830583057,0.34414741474147414,0.34132013201320127,0.33997799779977994,0.3295489548954896,0.3251485148514851,0.33466446644664455,0.3055005500550054,0.29607260726072604,0.30781078107810783,0.3002200220022001,0.27841584158415833,0.27298129812981287,0.2664686468646864,0.25569856985698564,0.2448074807480748,0.23277227722772267,0.21425742574257423,0.20435643564356426,0.1902750275027502,0.1913091309130913,0.19239823982398244,0.19354235423542357,sdg7_elecac,7,0.0,1.0,1,Population with access to electricity (%),#FCC30B,0.3458305830583057,0.19354235423542357,0.22727272727272727,0.5,0.5
0.4648877551020408,0.4567551020408163,0.44902040816326527,0.4385408163265306,0.4310510204081633,0.4211326530612245,0.413,0.4071326530612245,0.3987551020408164,0.3921734693877551,0.3859387755102041,0.3786530612244898,0.3752857142857143,0.36858163265306126,0.36394897959183675,0.3632653061224489,0.3584795918367347,0.3553061224489795,0.3531428571428572,0.3488775510204081,0.34868367346938767,0.34854081632653056,0.3484489795918367,sdg7_cleanfuel,7,0.0,1.0,1,Population with access to clean fuels and technology for cooking (%),#FCC30B,0.4648877551020408,0.3484489795918367,0.05,0.5,0.5
0.36203389830508476,0.34406779661016945,0.3650847457627118,0.3688135593220339,0.36644067796610164,0.3659322033898305,0.368135593220339,0.41694915254237286,0.423728813559322,0.37881355932203387,0.38033898305084746,0.3476271186440678,0.3183050847457627,0.32101694915254236,0.34186440677966096,0.3394915254237288,0.3213559322033898,0.311864406779661,0.31457627118644066,0.34355932203389833,0.34406779661016945,0.34457627118644063,0.34508474576271186,sdg7_co2twh,7,0.0,1.0,1,CO₂ emissions from fuel combustion per total electricity output (MtCO₂/TWh),#FCC30B,0.36203389830508476,0.34508474576271186,0.5909090909090909,0.5,0.5
0.418125,0.3980625,0.42764583333333334,0.4319583333333334,0.4229583333333333,0.4603541666666667,0.48343749999999996,0.48833333333333334,0.4969166666666667,0.49443750000000003,0.5180625,0.5113958333333334,0.5042708333333333,0.5133958333333334,0.5057916666666666,0.508125,0.5325208333333333,0.505625,0.5007916666666666,0.5075208333333333,0.5065000000000001,0.5052916666666667,0.5039375,sdg7_ren,7,0.0,1.0,1,Share of renewable energy in total primary energy supply (%),#FCC30B,0.418125,0.5039375,0.5,0.5,0.5
0.47506521739130436,0.47525,0.47535869565217387,0.4753695652173913,0.47529347826086954,0.4751413043478261,0.47489130434782606,0.47455434782608696,0.4741630434782608,0.4737826086956522,0.47345652173913044,0.4732065217391304,0.47302173913043477,0.4728913043478261,0.34976086956521735,0.34936956521739126,0.34909782608695655,0.38632608695652176,0.3863152173913043,0.38633695652173905,0.38636956521739124,0.38641304347826083,0.38646739130434776,sdg8_accounts,8,0.0,1.0,1,Adults with an account at a bank or other financial institution or with a mobile-money-service provider (% of population aged 15 or over),#A21942,0.47506521739130436,0.38646739130434776,0.36363636363636365,0.5,0.5
0.429090909090909,0.429090909090909,0.43090909090909085,0.43090909090909085,0.43090909090909085,0.43090909090909085,0.43090909090909085,0.429090909090909,0.429090909090909,0.429090909090909,0.4272727272727272,0.4272727272727272,0.4272727272727272,0.4272727272727272,0.4272727272727272,0.4527272727272727,0.4527272727272727,0.44545454545454544,0.4818181818181818,0.47818181818181815,0.49272727272727274,0.49272727272727274,0.49272727272727274,sdg8_rights,8,0.0,1.0,1,Fundamental labor rights are effectively guaranteed (worst 0–1 best),#A21942,0.429090909090909,0.49272727272727274,0.18181818181818182,0.5,0.5
0.21783333333333332,0.19983333333333334,0.19433333333333333,0.19133333333333333,0.18666666666666668,0.22366666666666668,0.2325,0.23316666666666666,0.23850000000000002,0.19633333333333333,0.208,0.209,0.2095,0.20966666666666667,0.2095,0.16716666666666666,0.167,0.1668333333333333,0.1665,0.16616666666666666,0.16583333333333333,0.1655,0.16516666666666666,sdg8_impacc,8,0.0,1.0,1,"Fatal work-related accidents embodied in imports (per 100,000 population)",#A21942,0.21783333333333332,0.16516666666666666,0.36363636363636365,0.5,0.5
0.9759509202453988,0.9635071574642127,0.9414621676891616,0.925357873210634,0.9002760736196319,0.8877709611451943,0.8733128834355828,0.8497546012269939,0.8320143149284254,0.8082004089979551,0.7882924335378323,0.7577607361963191,0.7316257668711657,0.6956032719836401,0.675562372188139,0.6382413087934561,0.5845501022494888,0.5323108384458078,0.48847648261758697,0.4720040899795501,0.45360940695296526,0.45490797546012274,0.45628834355828224,sdg9_intuse,9,0.0,1.0,1,Population using the internet (%),#FD6925,0.9759509202453988,0.45628834355828224,0.09090909090909091,0.5,0.5
0.9785395537525355,0.9785699797160243,0.9787626774847871,0.9789655172413794,0.9790060851926978,0.9787626774847871,0.9781947261663286,0.9773732251521299,0.9645436105476674,0.9487931034482759,0.9195131845841785,0.8931237322515213,0.8440365111561867,0.7653853955375254,0.7344016227180529,0.6991480730223125,0.6339959432048682,0.5721906693711968,0.5355375253549697,0.4858924949290061,0.48581135902636924,0.4858823529411765,0.48606490872210956,sdg9_mobuse,9,0.0,1.0,1,Mobile broadband subscriptions (per 100 population),#FD6925,0.9785395537525355,0.48606490872210956,0.2727272727272727,0.5,0.5
0.6931818181818182,0.6931818181818182,0.6931818181818182,0.6931818181818182,0.6927272727272729,0.6913636363636364,0.689090909090909,0.6863636363636364,0.6836363636363635,0.6809090909090909,0.6786363636363637,0.6772727272727272,0.630909090909091,0.6304545454545454,0.6140909090909091,0.6136363636363635,0.6613636363636363,0.6613636363636363,0.6695454545454546,0.6695454545454546,0.6699999999999999,0.6699999999999999,0.6704545454545454,sdg9_lpi,9,0.0,1.0,1,Logistics Performance Index: Quality of trade and transport-related infrastructure (worst 1-5 best),#FD6925,0.6931818181818182,0.6704545454545454,0.18181818181818182,0.5,0.5
0.9433333333333332,0.9408333333333334,0.9291666666666667,0.9249999999999999,0.9091666666666667,0.8791666666666667,0.8658333333333333,0.8408333333333333,0.765,0.7183333333333333,0.6816666666666666,0.6224999999999999,0.5366666666666666,0.5533333333333333,0.5499999999999999,0.5483333333333333,0.5316666666666666,0.5041666666666667,0.48916666666666664,0.4541666666666666,0.4433333333333333,0.4433333333333333,0.4441666666666666,sdg9_articles,9,0.0,1.0,1,"Articles published in academic journals (per 1,000 population)",#FD6925,0.9433333333333332,0.4441666666666666,0.09090909090909091,0.5,0.5
0.865945945945946,0.8483783783783784,0.8472972972972973,0.848108108108108,0.8427027027027028,0.8456756756756756,0.8578378378378378,0.8486486486486486,0.8286486486486487,0.8356756756756757,0.8443243243243244,0.87,0.8654054054054053,0.8583783783783784,0.8562162162162162,0.8505405405405405,0.8637837837837838,0.8608108108108108,0.8518918918918919,0.8524324324324324,0.8529729729729729,0.8535135135135136,0.8537837837837838,sdg9_rdex,9,0.0,1.0,1,Expenditure on research and development (% of GDP),#FD6925,0.865945945945946,0.8537837837837838,0.5,0.5,0.5
0.17449814126394053,0.17459727385377943,0.17475836431226763,0.17498141263940517,0.17526641883519203,0.1761957868649318,0.17656753407682774,0.17698884758364308,0.17739776951672862,0.17771995043370506,0.1766542750929368,0.18235439900867406,0.17317224287484506,0.16327137546468398,0.14997521685254026,0.15799256505576206,0.1440644361833953,0.14547707558859974,0.1421437422552664,0.13883519206939282,0.13921933085501859,0.1394795539033457,0.1396282527881041,sdg11_pm25,11,0.0,1.0,1,Annual mean concentration of particulate matter of less than 2.5 microns in diameter (PM2.5) (μg/m³),#FD9D24,0.17449814126394053,0.1396282527881041,0.6818181818181818,0.5,0.5
0.20919062832800853,0.21392971246006381,0.21887113951011705,0.22343982960596373,0.2279552715654952,0.23427050053248138,0.24044728434504795,0.24651757188498397,0.25255591054313103,0.2586900958466453,0.26499467518636843,0.2714696485623003,0.2780937167199148,0.2848455804046858,0.29168264110756115,0.2985729499467519,0.30551650692225774,0.3126411075612353,0.3198828541001064,0.3277529286474973,0.33037273695420666,0.33141640042598514,0.33248136315228966,sdg11_pipedwat,11,0.0,1.0,1,"Access to improved water source, piped (% of urban population)",#FD9D24,0.20919062832800853,0.33248136315228966,0.95,0.5,0.5
0.41535714285714276,0.4153896103896103,0.4154058441558441,0.4154058441558441,0.4154058441558441,0.4153896103896103,0.41535714285714276,0.41530844155844143,0.37053571428571425,0.3972727272727272,0.40258116883116873,0.4179058441558441,0.5403084415584415,0.6048538961038961,0.5811201298701298,0.6102435064935064,0.5229058441558441,0.4721753246753246,0.5485389610389609,0.5512337662337662,0.6151948051948052,0.5508928571428571,0.5509902597402597,sdg11_transport,11,0.0,1.0,1,Satisfaction with public transport (%),#FD9D24,0.41535714285714276,0.5509902597402597,0.5454545454545454,0.5,0.5
0.07738775510204081,0.0773265306122449,0.07726530612244897,0.07721428571428572,0.07716326530612244,0.07711224489795919,0.07705102040816326,0.077,0.07695918367346939,0.07693877551020407,0.07693877551020407,0.07853061224489796,0.08745918367346939,0.09861224489795918,0.09654081632653061,0.10558163265306122,0.10562244897959185,0.1056530612244898,0.10566326530612245,0.10566326530612245,0.1056530612244898,0.10564285714285714,0.10561224489795917,sdg12_nprod,12,0.0,1.0,1,Production-based nitrogen emissions (kg/capita),#BF8B2E,0.07738775510204081,0.10561224489795917,0.3181818181818182,0.5,0.5
0.11273333333333334,0.11231111111111111,0.11168888888888888,0.1111111111111111,0.1108,0.11093333333333333,0.11157777777777778,0.11262222222222223,0.11384444444444444,0.11497777777777779,0.11582222222222222,0.12513333333333335,0.12057777777777778,0.12133333333333333,0.1250888888888889,0.12895555555555555,0.12877777777777777,0.12855555555555556,0.1283111111111111,0.12804444444444446,0.12777777777777777,0.12753333333333333,0.12731111111111112,sdg12_nimport,12,0.0,1.0,1,Nitrogen emissions embodied in imports (kg/capita),#BF8B2E,0.11273333333333334,0.12731111111111112,0.45454545454545453,0.5,0.5
0.10841666666666666,0.10866666666666668,0.10891666666666666,0.10908333333333332,0.10925,0.10941666666666666,0.10958333333333332,0.10966666666666668,0.10975,0.10983333333333334,0.10983333333333334,0.10975,0.10966666666666668,0.10958333333333332,0.10941666666666666,0.10933333333333334,0.10925,0.10925,0.10925,0.10925,0.10933333333333334,0.10933333333333334,0.10941666666666666,sdg12_explastic,12,0.0,1.0,1,Exports of plastic waste (kg/capita),#BF8B2E,0.10841666666666666,0.10941666666666666,0.5,0.5,0.5
0.19765,0.20625,0.21590000000000004,0.22949999999999998,0.24415,0.2265,0.2545,0.24835000000000002,0.2375,0.2197,0.22415,0.2448,0.22435,0.22469999999999998,0.19935,0.21215,0.225,0.23135,0.2271,0.2538,0.22305000000000003,0.22295000000000004,0.22285,sdg13_co2gcp,13,0.0,1.0,1,CO₂ emissions from fossil fuel combustion and cement production (tCO2/capita),#3F7E44,0.19765,0.22285,0.5454545454545454,0.5,0.5
0.40656249999999994,0.406875,0.405625,0.404375,0.4046875,0.4075,0.413125,0.42093749999999996,0.4296875,0.4378125,0.44406249999999997,0.44187499999999996,0.46718750000000003,0.47406249999999994,0.42875,0.46812499999999996,0.471875,0.4378125,0.375625,0.3759375,0.3759375,0.3759375,0.375625,sdg13_co2import,13,0.0,1.0,1,CO₂ emissions embodied in imports (tCO₂/capita),#3F7E44,0.40656249999999994,0.375625,0.5909090909090909,0.5,0.5
0.92866,0.85721,0.8275999999999999,0.82852,0.74696,0.7462000000000001,0.74422,0.74357,0.7434100000000001,0.72687,0.7058500000000001,0.70741,0.69372,0.67649,0.6389900000000001,0.63571,0.63641,0.62703,0.6284000000000001,0.6297200000000001,0.63025,0.63137,0.63241,sdg14_cpma,14,0.0,1.0,1,Mean area that is protected in marine sites important to biodiversity (%) ,#0A97D9,0.92866,0.63241,0.36363636363636365,0.5,0.5
0.6349159663865546,0.6355042016806722,0.6360224089635854,0.6365406162464985,0.637142857142857,0.6378991596638655,0.6388095238095237,0.6398459383753501,0.6409103641456583,0.6419327731092437,0.6428431372549019,0.6435994397759104,0.6442577030812324,0.6596078431372548,0.6546078431372548,0.6585854341736694,0.6538095238095238,0.6520868347338935,0.6499439775910364,0.6505602240896359,0.6500140056022409,0.6499719887955182,0.6499299719887954,sdg14_cleanwat,14,0.0,1.0,1,Ocean Health Index: Clean Waters score (worst 0-100 best),#0A97D9,0.6349159663865546,0.6499299719887954,0.6818181818181818,0.5,0.5
0.12977949283351708,0.1267364939360529,0.12233737596471884,0.1270231532524807,0.1262734288864388,0.12905181918412348,0.1237045203969129,0.12292171995589855,0.11833517089305402,0.11830209481808159,0.10743109151047409,0.12743109151047408,0.13093715545755236,0.13013230429988976,0.14809261300992282,0.18429988974641676,0.2122601984564498,0.16616317530319735,0.1255678059536935,0.12540242557883133,0.12521499448732082,0.12499448732083793,0.12474090407938258,sdg14_fishstocks,14,0.0,1.0,1,Fish caught from overexploited or collapsed stocks (% of total catch),#0A97D9,0.12977949283351708,0.12474090407938258,0.3181818181818182,0.5,0.5
0.3919101123595506,0.3752808988764045,0.3851348314606742,0.3867640449438203,0.38370786516853933,0.3833707865168539,0.3901685393258427,0.38721348314606746,0.38631460674157303,0.37887640449438204,0.38302247191011235,0.38280898876404496,0.3862808988764045,0.386,0.36973033707865166,0.4101348314606742,0.389876404494382,0.36603370786516853,0.41801123595505624,0.41931460674157306,0.42035955056179775,0.4210898876404494,0.4214943820224719,sdg14_trawl,14,0.0,1.0,1,Fish caught by trawling or dredging (%),#0A97D9,0.3919101123595506,0.4214943820224719,0.5,0.5,0.5
0.5427500000000001,0.49574999999999997,0.51165,0.43305,0.5206999999999999,0.54995,0.5417500000000001,0.5412,0.53745,0.5253,0.529,0.5267000000000001,0.53255,0.53295,0.50865,0.5751999999999999,0.5559499999999999,0.5455,0.6002,0.60185,0.6032,0.6041000000000001,0.60465,sdg14_discard,14,0.0,1.0,1,Fish caught that are then discarded (%),#0A97D9,0.5427500000000001,0.60465,0.5454545454545454,0.5,0.5
0.8384199999999999,0.8253100000000001,0.82518,0.8249599999999999,0.81991,0.79869,0.79641,0.773,0.7490899999999999,0.7491599999999999,0.73937,0.7347,0.72964,0.722,0.72069,0.7103100000000001,0.7099,0.70986,0.70017,0.69258,0.6925199999999999,0.69246,0.69242,sdg15_cpta,15,0.0,1.0,1,Mean area that is protected in terrestrial sites important to biodiversity (%),#56C02B,0.8384199999999999,0.69242,0.045454545454545456,0.5,0.5
0.6840299999999999,0.68128,0.6805,0.67988,0.66131,0.61951,0.61926,0.54379,0.47469,0.47476,0.44073,0.4416,0.4425,0.43561999999999995,0.43475,0.43337000000000003,0.43341,0.43376999999999993,0.42040999999999995,0.41251,0.41235,0.41207,0.41165999999999997,sdg15_cpfa,15,0.0,1.0,1,Mean area that is protected in freshwater sites important to biodiversity (%),#56C02B,0.6840299999999999,0.41165999999999997,0.22727272727272727,0.5,0.5
0.5524999999999999,0.5574999999999999,0.5599999999999999,0.565,0.5674999999999999,0.57,0.5724999999999999,0.575,0.5774999999999999,0.58,0.585,0.5874999999999999,0.59,0.595,0.6,0.605,0.6074999999999999,0.6124999999999999,0.6174999999999999,0.6224999999999999,0.625,0.63,0.6275,sdg15_redlist,15,0.0,1.0,1,Red List Index of species survival (worst 0-1 best) ,#56C02B,0.5524999999999999,0.6275,0.9545454545454546,0.5,0.5
0.0006666666666666666,0.0006666666666666666,0.0006666666666666666,0.0006666666666666666,0.0006666666666666666,0.0006666666666666666,0.0006666666666666666,0.0006666666666666666,0.0006666666666666666,0.0006666666666666666,0.0006666666666666666,0.0006666666666666666,0.0006666666666666666,0.0006666666666666666,0.0006666666666666666,0.0006666666666666666,0.0006666666666666666,0.0006666666666666666,0.0006666666666666666,0.0006666666666666666,0.0006666666666666666,0.0006666666666666666,0.0006666666666666666,sdg15_forchg,15,0.0,1.0,1,"Permanent deforestation (% of forest area, 3-year average)",#56C02B,0.0006666666666666666,0.0006666666666666666,0.05,0.5,0.5
0.06623342175066313,0.07973474801061008,0.07527851458885941,0.06644562334217508,0.054005305039787795,0.05514588859416446,0.04787798408488063,0.04854111405835543,0.04342175066312997,0.044774535809018565,0.04575596816976127,0.04716180371352784,0.047108753315649864,0.04251989389920424,0.04251989389920424,0.031538461538461536,0.03578249336870026,0.027771883289124666,0.02978779840848806,0.028275862068965516,0.02681697612732095,0.026843501326259945,0.026843501326259945,sdg16_homicides,16,0.0,1.0,1,"Homicides (per 100,000 population)",#00689D,0.06623342175066313,0.026843501326259945,0.4090909090909091,0.5,0.5
0.6578676470588235,0.6585882352941176,0.6597352941176471,0.6609411764705883,0.6577205882352941,0.6619264705882353,0.6658823529411765,0.6505735294117647,0.6538529411764706,0.6503970588235294,0.585970588235294,0.5922941176470589,0.6062500000000001,0.5817058823529412,0.5858823529411765,0.6096176470588235,0.6232352941176471,0.5802205882352941,0.5735,0.571764705882353,0.5719117647058823,0.5720294117647059,0.5721176470588236,sdg16_detain,16,0.0,1.0,1,Unsentenced detainees (% of prison population),#00689D,0.6578676470588235,0.5721176470588236,0.6363636363636364,0.5,0.5
0.7602631578947369,0.7602631578947369,0.7602631578947369,0.7602631578947369,0.7602631578947369,0.7602631578947369,0.7602631578947369,0.7602631578947369,0.7602631578947369,0.7602631578947369,0.7602631578947369,0.7602631578947369,0.76,0.76,0.759736842105263,0.7594736842105263,0.7594736842105263,0.7592105263157894,0.7078947368421052,0.6928947368421053,0.6518421052631579,0.6518421052631579,0.6518421052631579,sdg16_prs,16,0.0,1.0,1,Property Rights (worst 1-7 best),#00689D,0.7602631578947369,0.6518421052631579,0.05,0.5,0.5
0.6548015856869006,0.6547619249454882,0.6547222137451172,0.6546693327565671,0.6545899608147839,0.6544973686258628,0.6543782854837085,0.654246032553375,0.6541137796230417,0.6540079167280247,0.6539550357394748,0.6539418154923373,0.6539814762337497,0.63583335674629,0.6452248790276744,0.6515476388275308,0.6366799066937159,0.6505158540433046,0.6653174849414322,0.6755423369231047,0.6824206498564866,0.6778307011518528,0.6778174809047153,sdg16_cpi,16,0.0,1.0,1,Corruption Perceptions Index (worst 0-100 best),#00689D,0.6548015856869006,0.6778174809047153,0.3181818181818182,0.5,0.5
0.38138571428571433,0.3802428571428571,0.3791,0.3779571428571429,0.3768428571428571,0.3757714285714286,0.37474285714285716,0.37374285714285715,0.3727857142857143,0.3718142857142857,0.3708142857142857,0.3697857142857143,0.36871428571428577,0.36762857142857147,0.3767857142857143,0.3845571428571428,0.38362857142857143,0.3857285714285714,0.3804857142857143,0.3741428571428571,0.3792857142857142,0.3770714285714286,0.37628571428571433,sdg16_rsf,16,0.0,1.0,1,Press Freedom Index (best 0-100 worst),#00689D,0.38138571428571433,0.37628571428571433,0.18181818181818182,0.5,0.5
0.323076923076923,0.323076923076923,0.323076923076923,0.323076923076923,0.323076923076923,0.323076923076923,0.323076923076923,0.323076923076923,0.3215384615384615,0.3215384615384615,0.3215384615384615,0.31999999999999995,0.31999999999999995,0.31999999999999995,0.31999999999999995,0.3569230769230769,0.3569230769230769,0.36,0.33538461538461534,0.343076923076923,0.34769230769230763,0.3492307692307692,0.3492307692307692,sdg16_justice,16,0.0,1.0,1,Access to and affordability of justice (worst 0–1 best),#00689D,0.323076923076923,0.3492307692307692,0.22727272727272727,0.5,0.5
0.3998,0.4013333333333333,0.4166,0.4132,0.41206666666666664,0.41686666666666666,0.42119999999999996,0.4233333333333333,0.4074666666666667,0.41033333333333327,0.41439999999999994,0.4288,0.4202666666666667,0.42153333333333337,0.4434666666666666,0.46079999999999993,0.4686666666666667,0.4814666666666667,0.4704,0.4592,0.4592666666666666,0.45933333333333337,0.4594,sdg17_govex,17,0.0,1.0,1,Government spending on health and education (% of GDP),#19486A,0.3998,0.4594,0.7272727272727273,0.5,0.5
0.3488666666666667,0.3327666666666667,0.36016666666666663,0.36176666666666674,0.3516333333333333,0.3371666666666666,0.32833333333333337,0.3087,0.3189333333333334,0.33523333333333327,0.34086666666666665,0.25110000000000005,0.24570000000000008,0.35076666666666667,0.5012666666666666,0.5884666666666667,0.6943,0.6684666666666667,0.6326,0.6456999999999999,0.6475333333333333,0.6477333333333333,0.6479,sdg17_govrev,17,0.0,1.0,1,Other countries: Government revenue excluding grants (% of GDP),#19486A,0.3488666666666667,0.6479,0.5909090909090909,0.5,0.5
0.7208266666666666,0.7212933333333333,0.7218933333333334,0.7225333333333332,0.7230800000000001,0.7234666666666666,0.7236533333333334,0.7237066666666666,0.7236933333333333,0.7237333333333333,0.7239066666666667,0.7242266666666667,0.72468,0.7252133333333333,0.7258,0.7264133333333334,0.72704,0.6869999999999999,0.62728,0.64728,0.64784,0.6484,0.6489733333333334,sdg17_statperf,17,0.0,1.0,1,Statistical Performance Index (worst 0-100 best),#19486A,0.7208266666666666,0.6489733333333334,0.8636363636363636,0.5,0.5
